epoch,step,lossD,lossG,D_x,D_G_z
1,0,1.394711971282959,0.6927648186683655,0.4958098530769348,0.499988317489624
1,100,0.709122359752655,0.6942392587661743,0.9985208511352539,0.5071883201599121
1,200,0.8456496000289917,0.6783288717269897,0.9177439212799072,0.5255053639411926
1,300,0.9141589403152466,0.6089557409286499,0.9514414072036743,0.5743036270141602
1,400,0.7326709628105164,0.7123845219612122,0.9600764513015747,0.4906804859638214
1,500,0.7797306776046753,0.7397277355194092,0.9458144903182983,0.5132853984832764
1,600,0.8398764133453369,0.7254418730735779,0.9528205990791321,0.5447109937667847
1,700,0.8549702167510986,0.6902413368225098,0.9631630182266235,0.5542863011360168
1,800,0.7921885251998901,0.7104985117912292,0.9184200763702393,0.5031367540359497
1,900,0.8583449721336365,0.73465895652771,0.9021773338317871,0.5266135931015015
1,1000,0.8798786997795105,0.6310884952545166,0.9156798124313354,0.5404578447341919
1,1100,0.8916298747062683,0.6768364906311035,0.9121263027191162,0.5462315082550049
1,1200,0.9871489405632019,0.6836977005004883,0.9194022417068481,0.5920426845550537
1,1300,0.8558471202850342,0.6881353259086609,0.9274954199790955,0.5393045544624329
1,1400,0.8185407519340515,0.7194399237632751,0.9405114650726318,0.5281352400779724
1,1500,0.8078816533088684,0.713377058506012,0.9446635246276855,0.5267406702041626
2,1582,0.9328027367591858,0.6688016653060913,0.9449745416641235,0.5810273289680481
2,1682,0.8364083170890808,0.7137072086334229,0.943022608757019,0.5384037494659424
2,1782,0.8038357496261597,0.6714566946029663,0.9380750060081482,0.5205177664756775
2,1882,0.8215252757072449,0.6915891170501709,0.9363141059875488,0.5281352996826172
2,1982,0.7899827361106873,0.7339316606521606,0.9558770656585693,0.5238884687423706
2,2082,0.8466649055480957,0.6724789142608643,0.9639987349510193,0.5543606281280518
2,2182,0.7990263104438782,0.7136948704719543,0.9508907794952393,0.5249864459037781
2,2282,0.8140263557434082,0.6805930137634277,0.9658021926879883,0.5351303219795227
2,2382,0.8666604161262512,0.7104074358940125,0.9554016590118408,0.5580479502677917
2,2482,0.8762540221214294,0.604546070098877,0.9131412506103516,0.5376278162002563
2,2582,0.8809730410575867,0.64935302734375,0.9489009380340576,0.559722363948822
2,2682,0.7745967507362366,0.7260168790817261,0.9560331702232361,0.5147673487663269
2,2782,0.7900839447975159,0.6982178688049316,0.9635295271873474,0.5277302861213684
2,2882,0.7799612283706665,0.6855988502502441,0.9485268592834473,0.5124106407165527
2,2982,0.839816689491272,0.6853319406509399,0.9629906415939331,0.5495200157165527
2,3082,0.8367114067077637,0.6515359282493591,0.9106408953666687,0.5144188404083252
3,3164,0.8674339056015015,0.6647438406944275,0.9548338651657104,0.5579652190208435
3,3264,0.8587006330490112,0.681989848613739,0.9648466110229492,0.5579257011413574
3,3364,0.8137019872665405,0.674240231513977,0.9496959447860718,0.5308903455734253
3,3464,0.8092943429946899,0.7090374231338501,0.9661712050437927,0.5379522442817688
3,3564,0.8139342665672302,0.6745026111602783,0.9418055415153503,0.5263694524765015
3,3664,0.9271445870399475,0.6316404938697815,0.9806551933288574,0.5936353206634521
3,3764,0.8858942985534668,0.639805793762207,0.935532808303833,0.554513692855835
3,3864,0.864278256893158,0.6860655546188354,0.9331492781639099,0.5440442562103271
3,3964,0.8333444595336914,0.7290138006210327,0.9436231851577759,0.5367383360862732
3,4064,0.8192282915115356,0.723205029964447,0.9215400815010071,0.5165817141532898
3,4164,0.863070011138916,0.6798285245895386,0.9175180196762085,0.532596230506897
3,4264,0.919716477394104,0.6718993186950684,0.9545069932937622,0.5781630873680115
3,4364,0.8497617244720459,0.7140018939971924,0.9363720417022705,0.5387898683547974
3,4464,0.9753023386001587,0.6078561544418335,0.8079334497451782,0.5158911943435669
3,4564,0.8648524284362793,0.685968279838562,0.9301376342773438,0.5401259660720825
3,4664,0.8822077512741089,0.6653501987457275,0.9063035249710083,0.5364287495613098
4,4746,0.8841730356216431,0.6969127655029297,0.9399453401565552,0.5569666028022766
4,4846,0.8706687688827515,0.633262038230896,0.8931990265846252,0.5252317190170288
4,4946,0.8286800980567932,0.7078226804733276,0.9265125393867493,0.5225379467010498
4,5046,0.8523120284080505,0.7247558832168579,0.9347165822982788,0.5385442972183228
4,5146,0.8602151274681091,0.6867691278457642,0.9399089813232422,0.5453492403030396
4,5246,0.8924432992935181,0.6741787195205688,0.9171518087387085,0.546448826789856
4,5346,0.8243780136108398,0.7404910326004028,0.906958818435669,0.5117784142494202
4,5446,0.8179512619972229,0.7092461585998535,0.9309999942779541,0.5228251814842224
4,5546,0.9370135068893433,0.7248454689979553,0.9461732506752014,0.5794178247451782
4,5646,0.9173267483711243,0.6956155300140381,0.9099486470222473,0.5546483993530273
4,5746,0.9737639427185059,0.7261162996292114,0.9620906710624695,0.603708803653717
4,5846,0.9224108457565308,0.6570783853530884,0.8750043511390686,0.5361705422401428
4,5946,0.9015878438949585,0.7114220857620239,0.9271056056022644,0.5573571920394897
4,6046,0.8828796744346619,0.6641451120376587,0.8456246852874756,0.5001015663146973
4,6146,0.9065805673599243,0.6615301966667175,0.8631258606910706,0.5220047235488892
4,6246,0.8565806150436401,0.714918851852417,0.8820608854293823,0.5111842155456543
5,6328,0.8973511457443237,0.7139946222305298,0.889138400554657,0.5348727703094482
5,6428,0.9324624538421631,0.6577904224395752,0.8766542077064514,0.5411000847816467
5,6528,0.9693011045455933,0.5807764530181885,0.8188199996948242,0.5216620564460754
5,6628,0.9100014567375183,0.7349804043769836,0.8800456523895264,0.5333091020584106
5,6728,1.0050162076950073,0.7179440855979919,0.8671810626983643,0.5650570392608643
5,6828,0.946381688117981,0.6974376440048218,0.8773506283760071,0.5494633316993713
5,6928,0.9358890056610107,0.6659126281738281,0.857771098613739,0.5274403691291809
5,7028,0.9144426584243774,0.7011460065841675,0.911412239074707,0.5549563765525818
5,7128,1.0686497688293457,0.6467713117599487,0.9710537791252136,0.6398106813430786
5,7228,0.9332845211029053,0.7429701685905457,0.9218807220458984,0.5681494474411011
5,7328,0.9914392828941345,0.6093266010284424,0.8326383829116821,0.5389278531074524
5,7428,0.8859236240386963,0.725664496421814,0.9295732975006104,0.5515230894088745
5,7528,0.9920916557312012,0.7035326361656189,0.9418177008628845,0.6013115644454956
5,7628,1.0484111309051514,0.6830308437347412,0.9549156427383423,0.6268292665481567
5,7728,0.9825011491775513,0.631507158279419,0.8701515197753906,0.5556164979934692
5,7828,0.9617069363594055,0.8148524761199951,0.9519389271736145,0.5927795171737671
6,7910,0.8928261995315552,0.6742764115333557,0.8718478679656982,0.5213644504547119
6,8010,0.9373335242271423,0.6866687536239624,0.8547402620315552,0.5296008586883545
6,8110,0.9366330504417419,0.6964743137359619,0.8979851007461548,0.5555365085601807
6,8210,0.9475762248039246,0.6771240234375,0.8569697141647339,0.5351635813713074
6,8310,0.9568299651145935,0.7085204124450684,0.9034223556518555,0.5672793388366699
6,8410,0.9315384030342102,0.6756225228309631,0.86761474609375,0.5336372256278992
6,8510,0.9815666079521179,0.7084922790527344,0.8608317971229553,0.5469946265220642
6,8610,0.897479772567749,0.6494848728179932,0.8655356168746948,0.5194979906082153
6,8710,0.9483014345169067,0.6742123365402222,0.865050196647644,0.5392459630966187
6,8810,0.9818140268325806,0.7467957735061646,0.9360936284065247,0.5938637852668762
6,8910,0.9650449156761169,0.7354623079299927,0.9128513336181641,0.5749015808105469
6,9010,0.9318985939025879,0.6750991344451904,0.8084421753883362,0.4924595355987549
6,9110,0.9449002742767334,0.7439868450164795,0.9129429459571838,0.5662495493888855
6,9210,0.9559466242790222,0.6570708751678467,0.8115073442459106,0.5122972726821899
6,9310,1.0239144563674927,0.6804699897766113,0.9360249638557434,0.6096060276031494
6,9410,1.0251309871673584,0.6962284445762634,0.8941176533699036,0.5798122882843018
7,9492,0.9494898319244385,0.6487742066383362,0.8067182302474976,0.5004765391349792
7,9592,0.9179610013961792,0.6806507110595703,0.8866302967071533,0.5401562452316284
7,9692,0.9878469705581665,0.6703376173973083,0.8597837090492249,0.549992561340332
7,9792,0.9491091370582581,0.7440075874328613,0.9015068411827087,0.560919463634491
7,9892,1.0439174175262451,0.7231848835945129,0.8804122805595398,0.5816243290901184
7,9992,0.9614140391349792,0.66658616065979,0.8502093553543091,0.5353419780731201
7,10092,0.9938290119171143,0.6435061693191528,0.8385894894599915,0.539056122303009
7,10192,0.9224788546562195,0.7366633415222168,0.882811427116394,0.541649341583252
7,10292,0.8983848690986633,0.6991807818412781,0.8370561599731445,0.49641838669776917
7,10392,0.9171834588050842,0.8638493418693542,0.9273373484611511,0.5635687112808228
7,10492,0.9840487837791443,0.7110363841056824,0.8508923053741455,0.5443575382232666
7,10592,0.9963701963424683,0.6381263136863708,0.8891915678977966,0.5741347670555115
7,10692,1.0287774801254272,0.5868160724639893,0.8052860498428345,0.5344589948654175
7,10792,0.9033322930335999,0.7451846599578857,0.8750433921813965,0.5238998532295227
7,10892,0.9401035904884338,0.6582030057907104,0.8812158107757568,0.547763466835022
7,10992,0.9581153392791748,0.6517874598503113,0.838062047958374,0.5316162705421448
8,11074,0.9441487789154053,0.6975232362747192,0.9055073261260986,0.5633755326271057
8,11174,0.990756094455719,0.6594513654708862,0.8327791690826416,0.5324463844299316
8,11274,0.9301846027374268,0.7047576904296875,0.838754415512085,0.5179032683372498
8,11374,1.0153613090515137,0.612615704536438,0.745184600353241,0.48276031017303467
8,11474,0.9160665273666382,0.6788235306739807,0.8433182239532471,0.5100568532943726
8,11574,0.9263617992401123,0.6773712038993835,0.845179557800293,0.5176987051963806
8,11674,0.958764910697937,0.6254958510398865,0.8932459950447083,0.5638312697410583
8,11774,0.9655250310897827,0.6825690269470215,0.8873529434204102,0.5588358640670776
8,11874,1.1459870338439941,0.45016026496887207,0.6215142011642456,0.43356120586395264
8,11974,0.9272396564483643,0.7799288034439087,0.9120571613311768,0.5561800003051758
8,12074,0.9177237749099731,0.7235701084136963,0.8927178978919983,0.5431700348854065
8,12174,0.9914156198501587,0.7771981358528137,0.8597652316093445,0.5469886660575867
8,12274,0.9067740440368652,0.7366223335266113,0.8708311319351196,0.5274113416671753
8,12374,0.9422955513000488,0.6845712661743164,0.9404094219207764,0.5785274505615234
8,12474,0.9879541993141174,0.6720877885818481,0.9150756001472473,0.5850950479507446
8,12574,0.9413968324661255,0.6720479130744934,0.8835089802742004,0.5485144257545471
9,12656,0.9429099559783936,0.6829172372817993,0.9283355474472046,0.5759745240211487
9,12756,0.9283741116523743,0.7242197394371033,0.8713569641113281,0.5330532789230347
9,12856,0.8951971530914307,0.6674594879150391,0.8486412763595581,0.5039268732070923
9,12956,0.9617446660995483,0.6928080916404724,0.9426604509353638,0.5898891687393188
9,13056,0.9205997586250305,0.7230953574180603,0.8841767907142639,0.5379382371902466
9,13156,0.9272163510322571,0.6946621537208557,0.870568573474884,0.5358023047447205
9,13256,0.9194205403327942,0.7023676633834839,0.8576037883758545,0.5153727531433105
9,13356,0.9698497653007507,0.660163402557373,0.9162732362747192,0.5801503658294678
9,13456,0.981582760810852,0.6403462886810303,0.8387407064437866,0.5368750691413879
9,13556,0.9791024923324585,0.7120708227157593,0.8864383697509766,0.5625099539756775
9,13656,0.916098415851593,0.7347986698150635,0.9150081276893616,0.5559909343719482
9,13756,0.9241677522659302,0.8010621666908264,0.9189077615737915,0.5613960027694702
9,13856,0.921981692314148,0.7162325978279114,0.8762071132659912,0.537922739982605
9,13956,0.9780240654945374,0.7021662592887878,0.9289661645889282,0.5888163447380066
9,14056,0.9241452813148499,0.7205624580383301,0.891063392162323,0.5467209815979004
9,14156,0.9709817171096802,0.7692235708236694,0.9033825397491455,0.5675663352012634
10,14238,0.8852136135101318,0.6651588082313538,0.8410941362380981,0.49467313289642334
10,14338,0.91267991065979,0.7367081046104431,0.9267572164535522,0.5601464509963989
10,14438,0.9498481750488281,0.7554918527603149,0.8823535442352295,0.5416467785835266
10,14538,0.9175714254379272,0.7287601828575134,0.8686839938163757,0.5271157026290894
10,14638,0.8835357427597046,0.7018811702728271,0.8504692316055298,0.5017544627189636
10,14738,1.1696710586547852,0.45588207244873047,0.9846769571304321,0.6812669038772583
10,14838,0.9377593398094177,0.7201813459396362,0.8974097371101379,0.5543099641799927
10,14938,0.9588332176208496,0.6689202189445496,0.8970670104026794,0.5634375810623169
10,15038,0.9251628518104553,0.7611931562423706,0.9231622815132141,0.5614759922027588
10,15138,0.8627870082855225,0.7577838897705078,0.9063870310783386,0.5258916616439819
10,15238,0.9366753697395325,0.6586103439331055,0.860465407371521,0.5238113403320312
10,15338,0.9233352541923523,0.6926770806312561,0.8557630181312561,0.5244855284690857
10,15438,0.9288269877433777,0.7643871307373047,0.8791261911392212,0.5405035018920898
10,15538,1.0098612308502197,0.5845519304275513,0.8066281676292419,0.522852897644043
10,15638,0.9264663457870483,0.6961369514465332,0.8649930953979492,0.5261437892913818
10,15738,0.8842589855194092,0.7473987340927124,0.8865312337875366,0.5240280032157898
